year,month,currency,rate_lcu_per_usd,source
2006,1,GMD,28.317,frankfurter_monthly
2006,2,GMD,28.209,frankfurter_monthly
2006,3,GMD,28.223,frankfurter_monthly
2006,4,GMD,28.273,frankfurter_monthly
2006,5,GMD,28.101,frankfurter_monthly
2006,6,GMD,28.027,frankfurter_monthly
2006,7,GMD,28.052,frankfurter_monthly
2006,8,GMD,28.058,frankfurter_monthly
2006,9,GMD,28.054,frankfurter_monthly
2006,10,GMD,27.955,frankfurter_monthly
2006,11,GMD,27.98,frankfurter_monthly
2006,12,GMD,27.962,frankfurter_monthly
2007,1,GMD,27.913,frankfurter_monthly
2007,2,GMD,27.227,frankfurter_monthly
2007,3,GMD,27.653,frankfurter_monthly
2007,4,GMD,27.52,frankfurter_monthly
2007,5,GMD,27.354,frankfurter_monthly
2007,6,GMD,26.987,frankfurter_monthly
2007,7,GMD,25.878,frankfurter_monthly
2007,8,GMD,24.479,frankfurter_monthly
2007,9,GMD,21.94,frankfurter_monthly
2007,10,GMD,19.1036,frankfurter_monthly
2007,11,GMD,20.688,frankfurter_monthly
2007,12,GMD,22.431,frankfurter_monthly
2008,1,GMD,22.542,frankfurter_monthly
2008,2,GMD,22.361,frankfurter_monthly
2008,3,GMD,20.797,frankfurter_monthly
2008,4,GMD,19.7904,frankfurter_monthly
2008,5,GMD,20.48,frankfurter_monthly
2008,6,GMD,20.843,frankfurter_monthly
2008,7,GMD,20.782,frankfurter_monthly
2008,8,GMD,21.459,frankfurter_monthly
2008,9,GMD,22.311,frankfurter_monthly
2008,10,GMD,23.931,frankfurter_monthly
2008,11,GMD,24.907,frankfurter_monthly
2008,12,GMD,26.792,frankfurter_monthly
2009,1,GMD,26.298,frankfurter_monthly
2009,2,GMD,25.867,frankfurter_monthly
2009,3,GMD,26.1,frankfurter_monthly
2009,4,GMD,26.464,frankfurter_monthly
2009,5,GMD,26.594,frankfurter_monthly
2009,6,GMD,26.631,frankfurter_monthly
2009,7,GMD,26.633,frankfurter_monthly
2009,8,GMD,26.693,frankfurter_monthly
2009,9,GMD,26.744,frankfurter_monthly
2009,10,GMD,26.822,frankfurter_monthly
2009,11,GMD,26.943,frankfurter_monthly
2009,12,GMD,26.785,frankfurter_monthly
2010,1,GMD,26.625,frankfurter_monthly
2010,2,GMD,26.845,frankfurter_monthly
2010,3,GMD,26.951,frankfurter_monthly
2010,4,GMD,26.791,frankfurter_monthly
2010,5,GMD,27.622,frankfurter_monthly
2010,6,GMD,28.905,frankfurter_monthly
2010,7,GMD,27.607,frankfurter_monthly
2010,8,GMD,28.522,frankfurter_monthly
2010,9,GMD,29.295,frankfurter_monthly
2010,10,GMD,28.765,frankfurter_monthly
2010,11,GMD,28.452,frankfurter_monthly
2010,12,GMD,27.963,frankfurter_monthly
2011,1,GMD,28.418,frankfurter_monthly
2011,2,GMD,28.677,frankfurter_monthly
2011,3,GMD,28.157,frankfurter_monthly
2011,4,GMD,28.394,frankfurter_monthly
2011,5,GMD,28.264,frankfurter_monthly
2011,6,GMD,28.367,frankfurter_monthly
2011,7,GMD,28.662,frankfurter_monthly
2011,8,GMD,28.934,frankfurter_monthly
2011,9,GMD,29.064,frankfurter_monthly
2011,10,GMD,29.587,frankfurter_monthly
2011,11,GMD,29.477,frankfurter_monthly
2011,12,GMD,29.751,frankfurter_monthly
2012,1,GMD,30.023,frankfurter_monthly
2012,2,GMD,30.289,frankfurter_monthly
2012,3,GMD,30.234,frankfurter_monthly
2012,4,GMD,29.964,frankfurter_monthly
2012,5,GMD,30.266,frankfurter_monthly
2012,6,GMD,31.08,frankfurter_monthly
2012,7,GMD,31.511,frankfurter_monthly
2012,8,GMD,31.846,frankfurter_monthly
2012,9,GMD,33.187,frankfurter_monthly
2012,10,GMD,33.903,frankfurter_monthly
2012,11,GMD,31.46,frankfurter_monthly
2012,12,GMD,33.248,frankfurter_monthly
2013,1,GMD,33.795,frankfurter_monthly
2013,2,GMD,33.801,frankfurter_monthly
2013,3,GMD,34.074,frankfurter_monthly
2013,4,GMD,34.625,frankfurter_monthly
2013,5,GMD,35.42,frankfurter_monthly
2013,6,GMD,37.815,frankfurter_monthly
2013,7,GMD,33.417,frankfurter_monthly
2013,8,GMD,34.026,frankfurter_monthly
2013,9,GMD,33.281,frankfurter_monthly
2013,10,GMD,34.009,frankfurter_monthly
2013,11,GMD,38.209,frankfurter_monthly
2013,12,GMD,38.907,frankfurter_monthly
2014,1,GMD,38.735,frankfurter_monthly
2014,2,GMD,39.171,frankfurter_monthly
2014,3,GMD,39.034,frankfurter_monthly
2014,4,GMD,39.215,frankfurter_monthly
2014,5,GMD,39.863,frankfurter_monthly
2014,6,GMD,40.59,frankfurter_monthly
2014,7,GMD,41.169,frankfurter_monthly
2014,8,GMD,41.666,frankfurter_monthly
2014,9,GMD,41.668,frankfurter_monthly
2014,10,GMD,42.472,frankfurter_monthly
2014,11,GMD,43.588,frankfurter_monthly
2014,12,GMD,44.232,frankfurter_monthly
2015,1,GMD,44.606,frankfurter_monthly
2015,2,GMD,44.947,frankfurter_monthly
2015,3,GMD,45.385,frankfurter_monthly
2015,4,GMD,47.533,frankfurter_monthly
2015,5,GMD,41.435,frankfurter_monthly
2015,6,GMD,40.676,frankfurter_monthly
2015,7,GMD,39.464,frankfurter_monthly
2015,8,GMD,39.509,frankfurter_monthly
2015,9,GMD,39.385,frankfurter_monthly
2015,10,GMD,39.434,frankfurter_monthly
2015,11,GMD,39.46,frankfurter_monthly
2015,12,GMD,39.605,frankfurter_monthly
2016,1,GMD,39.927,frankfurter_monthly
2016,2,GMD,40.756,frankfurter_monthly
2016,3,GMD,41.356,frankfurter_monthly
2016,4,GMD,42.374,frankfurter_monthly
2016,5,GMD,42.523,frankfurter_monthly
2016,6,GMD,42.891,frankfurter_monthly
2016,7,GMD,43.295,frankfurter_monthly
2016,8,GMD,43.871,frankfurter_monthly
2016,9,GMD,44.686,frankfurter_monthly
2016,10,GMD,45.299,frankfurter_monthly
2016,11,GMD,43.412,frankfurter_monthly
2016,12,GMD,43.12,frankfurter_monthly
2017,1,GMD,44.183,frankfurter_monthly
2017,2,GMD,45.022,frankfurter_monthly
2017,3,GMD,45.138,frankfurter_monthly
2017,4,GMD,45.304,frankfurter_monthly
2017,5,GMD,45.913,frankfurter_monthly
2017,6,GMD,45.561,frankfurter_monthly
2017,7,GMD,45.912,frankfurter_monthly
2017,8,GMD,46.094,frankfurter_monthly
2017,9,GMD,45.564,frankfurter_monthly
2017,10,GMD,46.302,frankfurter_monthly
2017,11,GMD,46.957,frankfurter_monthly
2017,12,GMD,47.276,frankfurter_monthly
2018,1,GMD,47.223,frankfurter_monthly
2018,2,GMD,47.026,frankfurter_monthly
2018,3,GMD,47.049,frankfurter_monthly
2018,4,GMD,47.018,frankfurter_monthly
2018,5,GMD,46.999,frankfurter_monthly
2018,6,GMD,47.053,frankfurter_monthly
2018,7,GMD,48.041,frankfurter_monthly
2018,8,GMD,47.754,frankfurter_monthly
2018,9,GMD,49.165,frankfurter_monthly
2018,10,GMD,48.867,frankfurter_monthly
2018,11,GMD,49.056,frankfurter_monthly
2018,12,GMD,49.003,frankfurter_monthly
2019,1,GMD,49.102,frankfurter_monthly
2019,2,GMD,49.153,frankfurter_monthly
2019,3,GMD,49.239,frankfurter_monthly
2019,4,GMD,49.35,frankfurter_monthly
2019,5,GMD,49.335,frankfurter_monthly
2019,6,GMD,49.433,frankfurter_monthly
2019,7,GMD,49.493,frankfurter_monthly
2019,8,GMD,49.686,frankfurter_monthly
2019,9,GMD,49.944,frankfurter_monthly
2019,10,GMD,50.076,frankfurter_monthly
2019,11,GMD,51.242,frankfurter_monthly
2019,12,GMD,51.321,frankfurter_monthly
2020,1,GMD,51.275,frankfurter_monthly
2020,2,GMD,51.225,frankfurter_monthly
2020,3,GMD,50.398,frankfurter_monthly
2020,4,GMD,50.521,frankfurter_monthly
2020,5,GMD,50.835,frankfurter_monthly
2020,6,GMD,50.938,frankfurter_monthly
2020,7,GMD,51.174,frankfurter_monthly
2020,8,GMD,51.197,frankfurter_monthly
2020,9,GMD,51.188,frankfurter_monthly
2020,10,GMD,51.207,frankfurter_monthly
2020,11,GMD,51.166,frankfurter_monthly
2020,12,GMD,51.114,frankfurter_monthly
2021,1,GMD,50.914,frankfurter_monthly
2021,2,GMD,50.819,frankfurter_monthly
2021,3,GMD,50.659,frankfurter_monthly
2021,4,GMD,50.683,frankfurter_monthly
2021,5,GMD,50.582,frankfurter_monthly
2021,6,GMD,50.668,frankfurter_monthly
2021,7,GMD,50.637,frankfurter_monthly
2021,8,GMD,50.71,frankfurter_monthly
2021,9,GMD,50.906,frankfurter_monthly
2021,10,GMD,51.195,frankfurter_monthly
2021,11,GMD,52.549,frankfurter_monthly
2021,12,GMD,52.709,frankfurter_monthly
2006,1,XOF,541.61,frankfurter_monthly
2006,2,XOF,548.93,frankfurter_monthly
2006,3,XOF,545.85,frankfurter_monthly
2006,4,XOF,535.12,frankfurter_monthly
2006,5,XOF,514.17,frankfurter_monthly
2006,6,XOF,518.31,frankfurter_monthly
2006,7,XOF,517.28,frankfurter_monthly
2006,8,XOF,512.24,frankfurter_monthly
2006,9,XOF,515.08,frankfurter_monthly
2006,10,XOF,519.94,frankfurter_monthly
2006,11,XOF,509.82,frankfurter_monthly
2006,12,XOF,497.0,frankfurter_monthly
2007,1,XOF,504.92,frankfurter_monthly
2007,2,XOF,502.02,frankfurter_monthly
2007,3,XOF,495.74,frankfurter_monthly
2007,4,XOF,485.95,frankfurter_monthly
2007,5,XOF,485.59,frankfurter_monthly
2007,6,XOF,489.08,frankfurter_monthly
2007,7,XOF,478.5,frankfurter_monthly
2007,8,XOF,481.44,frankfurter_monthly
2007,9,XOF,472.54,frankfurter_monthly
2007,10,XOF,461.34,frankfurter_monthly
2007,11,XOF,447.34,frankfurter_monthly
2007,12,XOF,450.42,frankfurter_monthly
2008,1,XOF,446.15,frankfurter_monthly
2008,2,XOF,445.2,frankfurter_monthly
2008,3,XOF,423.22,frankfurter_monthly
2008,4,XOF,416.4,frankfurter_monthly
2008,5,XOF,421.68,frankfurter_monthly
2008,6,XOF,421.87,frankfurter_monthly
2008,7,XOF,416.17,frankfurter_monthly
2008,8,XOF,437.57,frankfurter_monthly
2008,9,XOF,456.32,frankfurter_monthly
2008,10,XOF,492.4,frankfurter_monthly
2008,11,XOF,515.58,frankfurter_monthly
2008,12,XOF,487.12,frankfurter_monthly
2009,1,XOF,494.15,frankfurter_monthly
2009,2,XOF,512.38,frankfurter_monthly
2009,3,XOF,503.09,frankfurter_monthly
2009,4,XOF,496.98,frankfurter_monthly
2009,5,XOF,481.51,frankfurter_monthly
2009,6,XOF,468.36,frankfurter_monthly
2009,7,XOF,466.08,frankfurter_monthly
2009,8,XOF,460.34,frankfurter_monthly
2009,9,XOF,451.25,frankfurter_monthly
2009,10,XOF,443.17,frankfurter_monthly
2009,11,XOF,440.11,frankfurter_monthly
2009,12,XOF,448.63,frankfurter_monthly
2010,1,XOF,459.18,frankfurter_monthly
2010,2,XOF,478.55,frankfurter_monthly
2010,3,XOF,482.81,frankfurter_monthly
2010,4,XOF,488.4,frankfurter_monthly
2010,5,XOF,520.69,frankfurter_monthly
2010,6,XOF,536.72,frankfurter_monthly
2010,7,XOF,513.92,frankfurter_monthly
2010,8,XOF,507.93,frankfurter_monthly
2010,9,XOF,502.67,frankfurter_monthly
2010,10,XOF,472.61,frankfurter_monthly
2010,11,XOF,479.54,frankfurter_monthly
2010,12,XOF,496.05,frankfurter_monthly
2011,1,XOF,491.03,frankfurter_monthly
2011,2,XOF,480.81,frankfurter_monthly
2011,3,XOF,469.24,frankfurter_monthly
2011,4,XOF,454.9,frankfurter_monthly
2011,5,XOF,457.26,frankfurter_monthly
2011,6,XOF,456.4,frankfurter_monthly
2011,7,XOF,459.41,frankfurter_monthly
2011,8,XOF,457.76,frankfurter_monthly
2011,9,XOF,475.81,frankfurter_monthly
2011,10,XOF,479.04,frankfurter_monthly
2011,11,XOF,483.45,frankfurter_monthly
2011,12,XOF,497.43,frankfurter_monthly
2012,1,XOF,508.61,frankfurter_monthly
2012,2,XOF,496.24,frankfurter_monthly
2012,3,XOF,496.69,frankfurter_monthly
2012,4,XOF,497.9,frankfurter_monthly
2012,5,XOF,512.12,frankfurter_monthly
2012,6,XOF,523.17,frankfurter_monthly
2012,7,XOF,533.04,frankfurter_monthly
2012,8,XOF,529.21,frankfurter_monthly
2012,9,XOF,510.72,frankfurter_monthly
2012,10,XOF,506.03,frankfurter_monthly
2012,11,XOF,511.32,frankfurter_monthly
2012,12,XOF,500.61,frankfurter_monthly
2013,1,XOF,494.11,frankfurter_monthly
2013,2,XOF,491.02,frankfurter_monthly
2013,3,XOF,505.94,frankfurter_monthly
2013,4,XOF,504.3,frankfurter_monthly
2013,5,XOF,505.46,frankfurter_monthly
2013,6,XOF,497.69,frankfurter_monthly
2013,7,XOF,501.79,frankfurter_monthly
2013,8,XOF,492.89,frankfurter_monthly
2013,9,XOF,491.89,frankfurter_monthly
2013,10,XOF,481.29,frankfurter_monthly
2013,11,XOF,486.07,frankfurter_monthly
2013,12,XOF,478.96,frankfurter_monthly
2014,1,XOF,481.56,frankfurter_monthly
2014,2,XOF,480.6,frankfurter_monthly
2014,3,XOF,474.77,frankfurter_monthly
2014,4,XOF,475.18,frankfurter_monthly
2014,5,XOF,477.31,frankfurter_monthly
2014,6,XOF,482.48,frankfurter_monthly
2014,7,XOF,484.14,frankfurter_monthly
2014,8,XOF,492.38,frankfurter_monthly
2014,9,XOF,507.71,frankfurter_monthly
2014,10,XOF,517.18,frankfurter_monthly
2014,11,XOF,525.67,frankfurter_monthly
2014,12,XOF,531.99,frankfurter_monthly
2015,1,XOF,563.2,frankfurter_monthly
2015,2,XOF,577.4,frankfurter_monthly
2015,3,XOF,605.06,frankfurter_monthly
2015,4,XOF,607.8,frankfurter_monthly
2015,5,XOF,588.16,frankfurter_monthly
2015,6,XOF,585.51,frankfurter_monthly
2015,7,XOF,596.4,frankfurter_monthly
2015,8,XOF,589.72,frankfurter_monthly
2015,9,XOF,584.44,frankfurter_monthly
2015,10,XOF,584.35,frankfurter_monthly
2015,11,XOF,610.65,frankfurter_monthly
2015,12,XOF,603.35,frankfurter_monthly
2016,1,XOF,604.07,frankfurter_monthly
2016,2,XOF,591.53,frankfurter_monthly
2016,3,XOF,590.9,frankfurter_monthly
2016,4,XOF,578.93,frankfurter_monthly
2016,5,XOF,580.23,frankfurter_monthly
2016,6,XOF,584.04,frankfurter_monthly
2016,7,XOF,592.72,frankfurter_monthly
2016,8,XOF,585.22,frankfurter_monthly
2016,9,XOF,585.01,frankfurter_monthly
2016,10,XOF,594.31,frankfurter_monthly
2016,11,XOF,606.46,frankfurter_monthly
2016,12,XOF,621.9,frankfurter_monthly
2017,1,XOF,617.14,frankfurter_monthly
2017,2,XOF,615.59,frankfurter_monthly
2017,3,XOF,613.54,frankfurter_monthly
2017,4,XOF,611.63,frankfurter_monthly
2017,5,XOF,593.76,frankfurter_monthly
2017,6,XOF,584.38,frankfurter_monthly
2017,7,XOF,570.5,frankfurter_monthly
2017,8,XOF,555.77,frankfurter_monthly
2017,9,XOF,550.74,frankfurter_monthly
2017,10,XOF,557.94,frankfurter_monthly
2017,11,XOF,558.97,frankfurter_monthly
2017,12,XOF,554.37,frankfurter_monthly
2018,1,XOF,538.54,frankfurter_monthly
2018,2,XOF,531.26,frankfurter_monthly
2018,3,XOF,531.98,frankfurter_monthly
2018,4,XOF,534.26,frankfurter_monthly
2018,5,XOF,554.52,frankfurter_monthly
2018,6,XOF,561.42,frankfurter_monthly
2018,7,XOF,561.46,frankfurter_monthly
2018,8,XOF,568.04,frankfurter_monthly
2018,9,XOF,562.63,frankfurter_monthly
2018,10,XOF,570.81,frankfurter_monthly
2018,11,XOF,577.05,frankfurter_monthly
2018,12,XOF,576.52,frankfurter_monthly
2019,1,XOF,574.48,frankfurter_monthly
2019,2,XOF,577.99,frankfurter_monthly
2019,3,XOF,580.19,frankfurter_monthly
2019,4,XOF,583.8,frankfurter_monthly
2019,5,XOF,586.37,frankfurter_monthly
2019,6,XOF,580.9,frankfurter_monthly
2019,7,XOF,584.51,frankfurter_monthly
2019,8,XOF,589.6,frankfurter_monthly
2019,9,XOF,595.56,frankfurter_monthly
2019,10,XOF,593.72,frankfurter_monthly
2019,11,XOF,593.35,frankfurter_monthly
2019,12,XOF,590.54,frankfurter_monthly
2020,1,XOF,590.75,frankfurter_monthly
2020,2,XOF,601.16,frankfurter_monthly
2020,3,XOF,592.99,frankfurter_monthly
2020,4,XOF,603.53,frankfurter_monthly
2020,5,XOF,602.01,frankfurter_monthly
2020,6,XOF,582.93,frankfurter_monthly
2020,7,XOF,573.34,frankfurter_monthly
2020,8,XOF,554.97,frankfurter_monthly
2020,9,XOF,556.24,frankfurter_monthly
2020,10,XOF,557.15,frankfurter_monthly
2020,11,XOF,554.57,frankfurter_monthly
2020,12,XOF,539.55,frankfurter_monthly
2021,1,XOF,538.91,frankfurter_monthly
2021,2,XOF,542.21,frankfurter_monthly
2021,3,XOF,550.73,frankfurter_monthly
2021,4,XOF,548.36,frankfurter_monthly
2021,5,XOF,540.11,frankfurter_monthly
2021,6,XOF,544.41,frankfurter_monthly
2021,7,XOF,554.88,frankfurter_monthly
2021,8,XOF,557.46,frankfurter_monthly
2021,9,XOF,557.39,frankfurter_monthly
2021,10,XOF,565.41,frankfurter_monthly
2021,11,XOF,574.54,frankfurter_monthly
2021,12,XOF,580.39,frankfurter_monthly
